Total Abundance,Biomass Flux
0.3,7.64E-06
0.4,9.70E-06
0.5,1.33E-05
0.6,2.81E-05
0.7,2.83E-05
0.8,0.000200129
0.9,0.000194491
0.95,0.000185482
0.99,0.00016627
