Total Abundance,Biomass Flux
0.3,0.00000764
0.4,0.0000097
0.5,0.0000133
0.7,0.0000283
0.8,0.00018357
0.9,0.000180447
0.95,0.000173397
0.99,0.000165
