Total Abundance,Biomass Flux
0.3,7.64E-06
0.4,9.70E-06
0.5,1.33E-05
0.7,2.83E-05
0.9,0.000180447033385634
0.95,0.000173397431764288
