Total Abundance,Biomass Flux
0.3,0.00000764
0.4,0.0000097
0.5,0.0000133
0.7,0.0000283
0.9,0.000180447033385634
0.95,0.000173397431764288
0.99,0.000165
